260,TechnicalNotification,1,0,,,1800150
270,TechnicalNotification,1,0,,,1641042
273,TechnicalNotification,1,0,,,1828865
274,TechnicalNotification,1,0,,,1828855
279,TechnicalNotification,1,0,,,1377301
279,TechnicalNotification,1,0,,,1828825
280,TechnicalNotification,1,0,,,1828803
280,TechnicalNotification,1,0,,,1828862
286,TechnicalNotification,1,0,,,1828755
286,TechnicalNotification,1,0,,,1828806
287,TechnicalNotification,1,0,,,1320429
290,TechnicalNotification,1,0,,,1345363
292,TechnicalNotification,1,0,,,1828750
294,TechnicalNotification,1,0,,,1342622
296,TechnicalNotification,1,0,,,1237729
305,TechnicalNotification,1,0,,,1188487
307,TechnicalNotification,1,0,,,1280658
310,TechnicalNotification,1,0,,,1241509
314,TechnicalNotification,1,0,,,1187306
318,TechnicalNotification,1,0,,,1188783
322,TechnicalNotification,1,0,,,1162584
324,TechnicalNotification,1,0,,,1169931
326,TechnicalNotification,1,0,,,1178776
330,TechnicalNotification,1,0,,,1160352
330,TechnicalNotification,1,0,,,1241778
336,TechnicalNotification,1,0,,,1154676
338,TechnicalNotification,1,0,,,1153911
338,TechnicalNotification,1,0,,,1169998
344,TechnicalNotification,1,0,,,1146609
344,TechnicalNotification,1,0,,,1146972
344,TechnicalNotification,1,0,,,1147067
351,TechnicalNotification,1,0,,,1147591
359,TechnicalNotification,1,0,,,1140635
360,TechnicalNotification,1,0,,,1139452
361,TechnicalNotification,1,0,,,1139591
368,TechnicalNotification,1,0,,,1130678
369,TechnicalNotification,1,0,,,1131252
377,TechnicalNotification,1,0,,,1125716
385,TechnicalNotification,1,0,,,1110840
386,TechnicalNotification,1,0,,,1132118
388,TechnicalNotification,1,0,,,1125613
388,TechnicalNotification,1,0,,,1126063
393,TechnicalNotification,1,0,,,1110698
397,TechnicalNotification,1,0,,,1111699
397,TechnicalNotification,1,0,,,1115467
400,TechnicalNotification,1,0,,,1126029
404,TechnicalNotification,1,0,,,1110563
409,TechnicalNotification,1,0,,,1111380
418,TechnicalNotification,1,0,,,1110993
419,TechnicalNotification,1,0,,,1111019
426,TechnicalNotification,1,0,,,1110837
427,TechnicalNotification,1,0,,,1110490
428,TechnicalNotification,1,0,,,1111246
436,TechnicalNotification,1,0,,,1110366
436,TechnicalNotification,1,0,,,1111017
440,TechnicalNotification,1,0,,,1110695
448,TechnicalNotification,1,0,,,1110560
453,TechnicalNotification,1,0,,,1110854
458,TechnicalNotification,1,0,,,1110305
463,TechnicalNotification,1,0,,,1110705
471,TechnicalNotification,1,0,,,1110639
472,TechnicalNotification,1,0,,,1110233
478,TechnicalNotification,1,0,,,1828895
484,TechnicalNotification,1,0,,,1828843
488,TechnicalNotification,1,0,,,1110855
493,TechnicalNotification,1,0,,,1416099
497,TechnicalNotification,1,0,,,1110496
497,TechnicalNotification,1,0,,,1110706
507,TechnicalNotification,1,0,,,1110640
508,TechnicalNotification,1,0,,,1110431
517,TechnicalNotification,1,0,,,1110372
524,TechnicalNotification,1,0,,,1110486
526,TechnicalNotification,1,0,,,1110311
527,TechnicalNotification,1,0,,,1319593
528,TechnicalNotification,1,0,,,1110497
535,TechnicalNotification,1,0,,,1165826
536,TechnicalNotification,1,0,,,1110240
537,TechnicalNotification,1,0,,,1110421
540,TechnicalNotification,1,0,,,1110433
542,TechnicalNotification,1,0,,,1828901
543,TechnicalNotification,1,0,,,1138101
546,TechnicalNotification,1,0,,,1110363
548,TechnicalNotification,1,0,,,1110373
548,TechnicalNotification,1,0,,,1481510
552,TechnicalNotification,1,0,,,1130264
554,TechnicalNotification,1,0,,,1418487
556,TechnicalNotification,1,0,,,1110302
556,TechnicalNotification,1,0,,,1110314
563,TechnicalNotification,1,0,,,1339406
564,TechnicalNotification,1,0,,,1110230
564,TechnicalNotification,1,0,,,1110242
566,TechnicalNotification,1,0,,,1124003
570,TechnicalNotification,1,0,,,1828794
570,TechnicalNotification,1,0,,,1828892
571,TechnicalNotification,1,0,,,1269865
576,TechnicalNotification,1,0,,,1828840
578,TechnicalNotification,1,0,,,1418649
579,TechnicalNotification,1,0,,,1166560
582,TechnicalNotification,1,0,,,1828796
587,TechnicalNotification,1,0,,,1110979
593,TechnicalNotification,1,0,,,1162294
594,TechnicalNotification,1,0,,,1180732
595,TechnicalNotification,1,0,,,1110783
596,TechnicalNotification,1,0,,,1448788
601,TechnicalNotification,1,0,,,1130602
602,TechnicalNotification,1,0,,,1162295
610,TechnicalNotification,1,0,,,1111189
613,TechnicalNotification,1,0,,,1110685
613,TechnicalNotification,1,0,,,1264874
618,TechnicalNotification,1,0,,,1110988
618,TechnicalNotification,1,0,,,1158314
624,TechnicalNotification,1,0,,,1146576
627,TechnicalNotification,1,0,,,1110476
632,TechnicalNotification,1,0,,,1138856
634,TechnicalNotification,1,0,,,1110828
637,TechnicalNotification,1,0,,,1110412
640,TechnicalNotification,1,0,,,1130610
642,TechnicalNotification,1,0,,,1110692
642,TechnicalNotification,1,0,,,1225713
645,TechnicalNotification,1,0,,,1110353
655,TechnicalNotification,1,0,,,1110280
658,TechnicalNotification,1,0,,,1167685
663,TechnicalNotification,1,0,,,1110556
666,TechnicalNotification,1,0,,,1160310
667,TechnicalNotification,1,0,,,1125447
669,TechnicalNotification,1,0,,,1110219
674,TechnicalNotification,1,0,,,1152842
675,TechnicalNotification,1,0,,,1110483
675,TechnicalNotification,1,0,,,1828883
680,TechnicalNotification,1,0,,,1137350
681,TechnicalNotification,1,0,,,1828831
683,TechnicalNotification,1,0,,,1110418
687,TechnicalNotification,1,0,,,1828783
688,TechnicalNotification,1,0,,,1110990
691,TechnicalNotification,1,0,,,1110360
695,TechnicalNotification,1,0,,,1165297
697,TechnicalNotification,1,0,,,1110831
697,TechnicalNotification,1,0,,,1129716
699,TechnicalNotification,1,0,,,1110297
703,TechnicalNotification,1,0,,,1163297
705,TechnicalNotification,1,0,,,1110693
705,TechnicalNotification,1,0,,,1123881
711,TechnicalNotification,1,0,,,1161810
713,TechnicalNotification,1,0,,,1110225
713,TechnicalNotification,1,0,,,1110962
719,TechnicalNotification,1,0,,,1154178
719,TechnicalNotification,1,0,,,1828889
721,TechnicalNotification,1,0,,,1110779
725,TechnicalNotification,1,0,,,1828809
731,TechnicalNotification,1,0,,,1789211
733,TechnicalNotification,1,0,,,1149640
735,TechnicalNotification,1,0,,,1110681
739,TechnicalNotification,1,0,,,1110557
739,TechnicalNotification,1,0,,,1680601
745,TechnicalNotification,1,0,,,1110472
747,TechnicalNotification,1,0,,,1110419
751,TechnicalNotification,1,0,,,1110409
751,TechnicalNotification,1,0,,,1444063
757,TechnicalNotification,1,0,,,1110361
760,TechnicalNotification,1,0,,,1353893
763,TechnicalNotification,1,0,,,1144323
770,TechnicalNotification,1,0,,,1162011
773,TechnicalNotification,1,0,,,1110298
776,TechnicalNotification,1,0,,,1144769
778,TechnicalNotification,1,0,,,1110350
779,TechnicalNotification,1,0,,,1110226
782,TechnicalNotification,1,0,,,1136668
785,TechnicalNotification,1,0,,,1828894
790,TechnicalNotification,1,0,,,1110277
791,TechnicalNotification,1,0,,,1110766
791,TechnicalNotification,1,0,,,1828838
797,TechnicalNotification,1,0,,,1135911
797,TechnicalNotification,1,0,,,1828782
800,TechnicalNotification,1,0,,,1110678
802,TechnicalNotification,1,0,,,1110216
806,TechnicalNotification,1,0,,,1129221
806,TechnicalNotification,1,0,,,1376195
808,TechnicalNotification,1,0,,,1828880
814,TechnicalNotification,1,0,,,1828828
817,TechnicalNotification,1,0,,,1353894
819,TechnicalNotification,1,0,,,1110927
823,TechnicalNotification,1,0,,,1110532
828,TechnicalNotification,1,0,,,1110750
829,TechnicalNotification,1,0,,,1262585
830,TechnicalNotification,1,0,,,1705147
831,TechnicalNotification,1,0,,,1110468
837,TechnicalNotification,1,0,,,1171446
838,TechnicalNotification,1,0,,,1110668
840,TechnicalNotification,1,0,,,1157546
841,TechnicalNotification,1,0,,,1110406
848,TechnicalNotification,1,0,,,1149306
849,TechnicalNotification,1,0,,,1110347
857,TechnicalNotification,1,0,,,1110274
861,TechnicalNotification,1,0,,,1135166
862,TechnicalNotification,1,0,,,1162065
865,TechnicalNotification,1,0,,,1110213
869,TechnicalNotification,1,0,,,1129173
871,TechnicalNotification,1,0,,,1828845
873,TechnicalNotification,1,0,,,1155667
877,TechnicalNotification,1,0,,,1828805
878,TechnicalNotification,1,0,,,1110901
881,TechnicalNotification,1,0,,,1152390
883,TechnicalNotification,1,0,,,1828777
884,TechnicalNotification,1,0,,,1110732
892,TechnicalNotification,1,0,,,1250816
896,TechnicalNotification,1,0,,,1110525
897,TechnicalNotification,1,0,,,1110664
897,TechnicalNotification,1,0,,,1144832
904,TechnicalNotification,1,0,,,1110462
905,TechnicalNotification,1,0,,,1110520
909,TechnicalNotification,1,0,,,1137322
913,TechnicalNotification,1,0,,,1110400
915,TechnicalNotification,1,0,,,1110459
917,TechnicalNotification,1,0,,,1123407
921,TechnicalNotification,1,0,,,1110340
925,TechnicalNotification,1,0,,,1111495
926,TechnicalNotification,1,0,,,1110397
927,TechnicalNotification,1,0,,,1168032
933,TechnicalNotification,1,0,,,1110956
936,TechnicalNotification,1,0,,,1110337
941,TechnicalNotification,1,0,,,1110267
941,TechnicalNotification,1,0,,,1110768
943,TechnicalNotification,1,0,,,1161408
944,TechnicalNotification,1,0,,,1110264
949,TechnicalNotification,1,0,,,1110207
949,TechnicalNotification,1,0,,,1110679
952,TechnicalNotification,1,0,,,1110204
955,TechnicalNotification,1,0,,,1828871
958,TechnicalNotification,1,0,,,1828816
960,TechnicalNotification,1,0,,,1157395
961,TechnicalNotification,1,0,,,1828819
964,TechnicalNotification,1,0,,,1828776
967,TechnicalNotification,1,0,,,1110533
967,TechnicalNotification,1,0,,,1828771
970,TechnicalNotification,1,0,,,1828749
973,TechnicalNotification,1,0,,,1828739
978,TechnicalNotification,1,0,,,1645404
981,TechnicalNotification,1,0,,,1470878
983,TechnicalNotification,1,0,,,1143559
984,TechnicalNotification,1,0,,,1110501
986,TechnicalNotification,1,0,,,1328361
989,TechnicalNotification,1,0,,,1134781
992,TechnicalNotification,1,0,,,1110469
994,TechnicalNotification,1,0,,,1170375
994,TechnicalNotification,1,0,,,1306441
997,TechnicalNotification,1,0,,,1110897
1000,TechnicalNotification,1,0,,,1110407
1002,TechnicalNotification,1,0,,,1179799
1006,TechnicalNotification,1,0,,,1110729
1008,TechnicalNotification,1,0,,,1110348
1010,TechnicalNotification,1,0,,,1148616
1012,TechnicalNotification,1,0,,,1148462
1019,TechnicalNotification,1,0,,,1143139
1020,TechnicalNotification,1,0,,,1110275
1020,TechnicalNotification,1,0,,,1142194
1024,TechnicalNotification,1,0,,,1110517
1027,TechnicalNotification,1,0,,,1126997
1030,TechnicalNotification,1,0,,,1110214
1032,TechnicalNotification,1,0,,,1110456
1036,TechnicalNotification,1,0,,,1122815
1036,TechnicalNotification,1,0,,,1828882
1040,TechnicalNotification,1,0,,,1110394
1042,TechnicalNotification,1,0,,,1111070
1042,TechnicalNotification,1,0,,,1828826
1048,TechnicalNotification,1,0,,,1828770
1050,TechnicalNotification,1,0,,,1133279
1052,TechnicalNotification,1,0,,,1110334
1057,TechnicalNotification,1,0,,,1110886
1058,TechnicalNotification,1,0,,,1126806
1062,TechnicalNotification,1,0,,,1110261
1062,TechnicalNotification,1,0,,,1330617
1063,TechnicalNotification,1,0,,,1110723
1069,TechnicalNotification,1,0,,,1111056
1070,TechnicalNotification,1,0,,,1110201
1075,TechnicalNotification,1,0,,,1110511
1076,TechnicalNotification,1,0,,,1828833
1078,TechnicalNotification,1,0,,,1149237
1082,TechnicalNotification,1,0,,,1828793
1083,TechnicalNotification,1,0,,,1110882
1086,TechnicalNotification,1,0,,,1144001
1088,TechnicalNotification,1,0,,,1828765
1092,TechnicalNotification,1,0,,,1110651
1096,TechnicalNotification,1,0,,,1737979
1100,TechnicalNotification,1,0,,,1110449
1101,TechnicalNotification,1,0,,,1110444
1101,TechnicalNotification,1,0,,,1135027
1106,TechnicalNotification,1,0,,,1428447
1108,TechnicalNotification,1,0,,,1110388
1113,TechnicalNotification,1,0,,,1128943
1114,TechnicalNotification,1,0,,,1110385
1114,TechnicalNotification,1,0,,,1215959
1116,TechnicalNotification,1,0,,,1110328
1121,TechnicalNotification,1,0,,,1123033
1122,TechnicalNotification,1,0,,,1110325
1124,TechnicalNotification,1,0,,,1110255
1127,TechnicalNotification,1,0,,,1111098
1130,TechnicalNotification,1,0,,,1110252
1132,TechnicalNotification,1,0,,,1721526
1134,TechnicalNotification,1,0,,,1148323
1135,TechnicalNotification,1,0,,,1110898
1136,TechnicalNotification,1,0,,,1828852
1141,TechnicalNotification,1,0,,,1110730
1141,TechnicalNotification,1,0,,,1211628
1144,TechnicalNotification,1,0,,,1584761
1147,TechnicalNotification,1,0,,,1141709
1149,TechnicalNotification,1,0,,,1110662
1153,TechnicalNotification,1,0,,,1574458
1160,TechnicalNotification,1,0,,,1170179
1161,TechnicalNotification,1,0,,,1133020
1169,TechnicalNotification,1,0,,,1126651
1170,TechnicalNotification,1,0,,,1147666
1174,TechnicalNotification,1,0,,,1110518
1177,TechnicalNotification,1,0,,,1111038
1187,TechnicalNotification,1,0,,,1110457
1189,TechnicalNotification,1,0,,,1110876
1195,TechnicalNotification,1,0,,,1110335
1195,TechnicalNotification,1,0,,,1188488
1197,TechnicalNotification,1,0,,,1140698
1198,TechnicalNotification,1,0,,,1110648
1205,TechnicalNotification,1,0,,,1132387
1205,TechnicalNotification,1,0,,,1158641
1213,TechnicalNotification,1,0,,,1126073
1213,TechnicalNotification,1,0,,,1153961
1215,TechnicalNotification,1,0,,,1110262
1219,TechnicalNotification,1,0,,,1146973
1221,TechnicalNotification,1,0,,,1116172
1224,TechnicalNotification,1,0,,,1110202
1230,TechnicalNotification,1,0,,,1111022
1230,TechnicalNotification,1,0,,,1828870
1232,TechnicalNotification,1,0,,,1139592
1236,TechnicalNotification,1,0,,,1828814
1238,TechnicalNotification,1,0,,,1125741
1239,TechnicalNotification,1,0,,,1110858
1242,TechnicalNotification,1,0,,,1828758
1243,TechnicalNotification,1,0,,,1110505
1244,TechnicalNotification,1,0,,,1115103
1250,TechnicalNotification,1,0,,,1744194
1254,TechnicalNotification,1,0,,,1111009
1257,TechnicalNotification,1,0,,,1110641
1262,TechnicalNotification,1,0,,,1110441
1262,TechnicalNotification,1,0,,,1110699
1270,TechnicalNotification,1,0,,,1110565
1272,TechnicalNotification,1,0,,,1110380
1276,TechnicalNotification,1,0,,,1110498
1278,TechnicalNotification,1,0,,,1110425
1278,TechnicalNotification,1,0,,,1726876
1281,TechnicalNotification,1,0,,,1110322
1286,TechnicalNotification,1,0,,,1110367
1286,TechnicalNotification,1,0,,,1110434
1286,TechnicalNotification,1,0,,,1179346
1294,TechnicalNotification,1,0,,,1110249
1294,TechnicalNotification,1,0,,,1110374
1296,TechnicalNotification,1,0,,,1148370
1302,TechnicalNotification,1,0,,,1110163
1306,TechnicalNotification,1,0,,,1133063
1308,TechnicalNotification,1,0,,,1110306
1308,TechnicalNotification,1,0,,,1828857
1310,TechnicalNotification,1,0,,,1110315
1314,TechnicalNotification,1,0,,,1122669
1314,TechnicalNotification,1,0,,,1828781
1316,TechnicalNotification,1,0,,,1110234
1316,TechnicalNotification,1,0,,,1828851
1322,TechnicalNotification,1,0,,,1419111
1322,TechnicalNotification,1,0,,,1828799
1322,TechnicalNotification,1,0,,,1828896
1328,TechnicalNotification,1,0,,,1828844
1331,TechnicalNotification,1,0,,,1320840
1331,TechnicalNotification,1,0,,,1703463
1333,TechnicalNotification,1,0,,,1111039
1341,TechnicalNotification,1,0,,,1110877
1341,TechnicalNotification,1,0,,,1576872
1342,TechnicalNotification,1,0,,,1238948
1343,TechnicalNotification,1,0,,,1204764
1358,TechnicalNotification,1,0,,,1110717
1359,TechnicalNotification,1,0,,,1146581
1361,TechnicalNotification,1,0,,,1171792
1364,TechnicalNotification,1,0,,,1187818
1365,TechnicalNotification,1,0,,,1130671
1374,TechnicalNotification,1,0,,,1110649
1376,TechnicalNotification,1,0,,,1163713
1382,TechnicalNotification,1,0,,,1139478
1384,TechnicalNotification,1,0,,,1110506
1385,TechnicalNotification,1,0,,,1125612
1388,TechnicalNotification,1,0,,,1145952
1391,TechnicalNotification,1,0,,,1130889
1393,TechnicalNotification,1,0,,,1110442
1393,TechnicalNotification,1,0,,,1110991
1397,TechnicalNotification,1,0,,,1125621
1399,TechnicalNotification,1,0,,,1110382
1401,TechnicalNotification,1,0,,,1110835
1405,TechnicalNotification,1,0,,,1110323
1412,TechnicalNotification,1,0,,,1111381
1413,TechnicalNotification,1,0,,,1138250
1416,TechnicalNotification,1,0,,,1110694
1423,TechnicalNotification,1,0,,,1110994
1428,TechnicalNotification,1,0,,,1130380
1432,TechnicalNotification,1,0,,,1110250
1440,TechnicalNotification,1,0,,,1110164
1442,TechnicalNotification,1,0,,,1110980
1444,TechnicalNotification,1,0,,,1110485
1446,TechnicalNotification,1,0,,,1828854
1452,TechnicalNotification,1,0,,,1828744
1453,TechnicalNotification,1,0,,,1110420
1460,TechnicalNotification,1,0,,,1599386
1461,TechnicalNotification,1,0,,,1110362
1464,TechnicalNotification,1,0,,,1110784
1469,TechnicalNotification,1,0,,,1110300
1470,TechnicalNotification,1,0,,,1472058
1472,TechnicalNotification,1,0,,,1110686
1476,TechnicalNotification,1,0,,,1341031
1481,TechnicalNotification,1,0,,,1110229
1484,TechnicalNotification,1,0,,,1110838
1484,TechnicalNotification,1,0,,,1321144
1487,TechnicalNotification,1,0,,,1828891
1493,TechnicalNotification,1,0,,,1828787
1497,TechnicalNotification,1,0,,,1110696
1505,TechnicalNotification,1,0,,,1110561
1518,TechnicalNotification,1,0,,,1110487
1521,TechnicalNotification,1,0,,,1239594
1526,TechnicalNotification,1,0,,,1799213
1534,TechnicalNotification,1,0,,,1110540
1534,TechnicalNotification,1,0,,,1181564
1534,TechnicalNotification,1,0,,,1637952
1542,TechnicalNotification,1,0,,,1110477
1543,TechnicalNotification,1,0,,,1448785
1549,TechnicalNotification,1,0,,,1110436
1550,TechnicalNotification,1,0,,,1110413
1551,TechnicalNotification,1,0,,,1167553
1556,TechnicalNotification,1,0,,,1110354
1560,TechnicalNotification,1,0,,,1152575
1561,TechnicalNotification,1,0,,,1110422
1565,TechnicalNotification,1,0,,,1172875
1566,TechnicalNotification,1,0,,,1110281
1571,TechnicalNotification,1,0,,,1162583
1572,TechnicalNotification,1,0,,,1110364
1572,TechnicalNotification,1,0,,,1145226
1577,TechnicalNotification,1,0,,,1110220
1580,TechnicalNotification,1,0,,,1110303
1580,TechnicalNotification,1,0,,,1154570
1581,TechnicalNotification,1,0,,,1137344
1583,TechnicalNotification,1,0,,,1828884
1587,TechnicalNotification,1,0,,,1123540
1589,TechnicalNotification,1,0,,,1828832
1594,TechnicalNotification,1,0,,,1146782
1595,TechnicalNotification,1,0,,,1828788
1597,TechnicalNotification,1,0,,,1110958
1601,TechnicalNotification,1,0,,,1828760
1602,TechnicalNotification,1,0,,,1114968
1605,TechnicalNotification,1,0,,,1110778
1607,TechnicalNotification,1,0,,,1110231
1607,TechnicalNotification,1,0,,,1828743
1613,TechnicalNotification,1,0,,,1828893
1614,TechnicalNotification,1,0,,,1110680
1619,TechnicalNotification,1,0,,,1828813
1627,TechnicalNotification,1,0,,,1582753
1631,TechnicalNotification,1,0,,,1110535
1635,TechnicalNotification,1,0,,,1319538
1639,TechnicalNotification,1,0,,,1110471
1639,TechnicalNotification,1,0,,,1567670
1649,TechnicalNotification,1,0,,,1110408
1650,TechnicalNotification,1,0,,,1185485
1652,TechnicalNotification,1,0,,,1111247
1656,TechnicalNotification,1,0,,,1152943
1658,TechnicalNotification,1,0,,,1110349
1661,TechnicalNotification,1,0,,,1168524
1666,TechnicalNotification,1,0,,,1129743
1669,TechnicalNotification,1,0,,,1110276
1669,TechnicalNotification,1,0,,,1154200
1677,TechnicalNotification,1,0,,,1123963
1677,TechnicalNotification,1,0,,,1129255
1679,TechnicalNotification,1,0,,,1110215
1680,TechnicalNotification,1,0,,,1111004
1685,TechnicalNotification,1,0,,,1110929
1685,TechnicalNotification,1,0,,,1828879
1688,TechnicalNotification,1,0,,,1110839
1691,TechnicalNotification,1,0,,,1828827
1694,TechnicalNotification,1,0,,,1110967
1697,TechnicalNotification,1,0,,,1110697
1697,TechnicalNotification,1,0,,,1828779
1703,TechnicalNotification,1,0,,,1110670
1703,TechnicalNotification,1,0,,,1828745
1705,TechnicalNotification,1,0,,,1110562
1712,TechnicalNotification,1,0,,,1471577
1718,TechnicalNotification,1,0,,,1110780
1720,TechnicalNotification,1,0,,,1310176
1729,TechnicalNotification,1,0,,,1183350
1732,TechnicalNotification,1,0,,,1110683
1734,TechnicalNotification,1,0,,,1110526
1737,TechnicalNotification,1,0,,,1180129
1739,TechnicalNotification,1,0,,,1110488
1740,TechnicalNotification,1,0,,,1110463
1749,TechnicalNotification,1,0,,,1110342
1751,TechnicalNotification,1,0,,,1144062
1752,TechnicalNotification,1,0,,,1110423
1758,TechnicalNotification,1,0,,,1110537
1759,TechnicalNotification,1,0,,,1110268
1759,TechnicalNotification,1,0,,,1135160
1760,TechnicalNotification,1,0,,,1110365
1769,TechnicalNotification,1,0,,,1128996
1787,TechnicalNotification,1,0,,,1110899
1793,TechnicalNotification,1,0,,,1110731
1800,TechnicalNotification,1,0,,,1110304
1802,TechnicalNotification,1,0,,,1110663
1808,TechnicalNotification,1,0,,,1110232
1814,TechnicalNotification,1,0,,,1828898
1816,TechnicalNotification,1,0,,,1110499
1820,TechnicalNotification,1,0,,,1828842
1826,TechnicalNotification,1,0,,,1828786
1827,TechnicalNotification,1,0,,,1110536
1831,TechnicalNotification,1,0,,,1110208
1836,TechnicalNotification,1,0,,,1337368
1837,TechnicalNotification,1,0,,,1828872
1841,TechnicalNotification,1,0,,,1110474
1843,TechnicalNotification,1,0,,,1828820
1844,TechnicalNotification,1,0,,,1319539
1849,TechnicalNotification,1,0,,,1110410
1849,TechnicalNotification,1,0,,,1828780
1855,TechnicalNotification,1,0,,,1828752
1858,TechnicalNotification,1,0,,,1110351
1861,TechnicalNotification,1,0,,,1828737
1863,TechnicalNotification,1,0,,,1110519
1868,TechnicalNotification,1,0,,,1110278
1869,TechnicalNotification,1,0,,,1169404
1872,TechnicalNotification,1,0,,,1110458
1875,TechnicalNotification,1,0,,,1155178
1878,TechnicalNotification,1,0,,,1152996
1880,TechnicalNotification,1,0,,,1110217
1880,TechnicalNotification,1,0,,,1110396
1886,TechnicalNotification,1,0,,,1788254
1889,TechnicalNotification,1,0,,,1148739
1892,TechnicalNotification,1,0,,,1145533
1895,TechnicalNotification,1,0,,,1679812
1897,TechnicalNotification,1,0,,,1143157
1900,TechnicalNotification,1,0,,,1123998
1902,TechnicalNotification,1,0,,,1110336
1904,TechnicalNotification,1,0,,,1407809
1908,TechnicalNotification,1,0,,,1111170
1912,TechnicalNotification,1,0,,,1350739
1913,TechnicalNotification,1,0,,,1111091
1917,TechnicalNotification,1,0,,,1110977
1919,TechnicalNotification,1,0,,,1110263
1923,TechnicalNotification,1,0,,,1312560
1927,TechnicalNotification,1,0,,,1110203
1929,TechnicalNotification,1,0,,,1110782
1931,TechnicalNotification,1,0,,,1110887
1933,TechnicalNotification,1,0,,,1167281
1933,TechnicalNotification,1,0,,,1828867
1937,TechnicalNotification,1,0,,,1110684
1939,TechnicalNotification,1,0,,,1110724
1939,TechnicalNotification,1,0,,,1828815
1945,TechnicalNotification,1,0,,,1161610
1947,TechnicalNotification,1,0,,,1110655
1949,TechnicalNotification,1,0,,,1645403
1953,TechnicalNotification,1,0,,,1110538
1957,TechnicalNotification,1,0,,,1149422
1957,TechnicalNotification,1,0,,,1485500
1961,TechnicalNotification,1,0,,,1110475
1965,TechnicalNotification,1,0,,,1346108
1968,TechnicalNotification,1,0,,,1129174
1969,TechnicalNotification,1,0,,,1110411
1973,TechnicalNotification,1,0,,,1179706
1977,TechnicalNotification,1,0,,,1110352
1977,TechnicalNotification,1,0,,,1110902
1978,TechnicalNotification,1,0,,,1110512
1981,TechnicalNotification,1,0,,,1153433
1985,TechnicalNotification,1,0,,,1110733
1986,TechnicalNotification,1,0,,,1110279
1988,TechnicalNotification,1,0,,,1110451
1994,TechnicalNotification,1,0,,,1110666
1996,TechnicalNotification,1,0,,,1110389
1996,TechnicalNotification,1,0,,,1126697
1999,TechnicalNotification,1,0,,,1110218
2003,TechnicalNotification,1,0,,,1110522
2004,TechnicalNotification,1,0,,,1110329
2004,TechnicalNotification,1,0,,,1111042
2005,TechnicalNotification,1,0,,,1828886
2011,TechnicalNotification,1,0,,,1110460
2011,TechnicalNotification,1,0,,,1828774
2012,TechnicalNotification,1,0,,,1110256
2012,TechnicalNotification,1,0,,,1110881
2019,TechnicalNotification,1,0,,,1110398
2020,TechnicalNotification,1,0,,,1110650
2021,TechnicalNotification,1,0,,,1110195
2022,TechnicalNotification,1,0,,,1514568
2027,TechnicalNotification,1,0,,,1828860
2029,TechnicalNotification,1,0,,,1110265
2030,TechnicalNotification,1,0,,,1513225
2033,TechnicalNotification,1,0,,,1828808
2037,TechnicalNotification,1,0,,,1110205
2040,TechnicalNotification,1,0,,,1407810
2043,TechnicalNotification,1,0,,,1828877
2046,TechnicalNotification,1,0,,,1171135
2049,TechnicalNotification,1,0,,,1828837
2051,TechnicalNotification,1,0,,,1283056
2055,TechnicalNotification,1,0,,,1163231
2055,TechnicalNotification,1,0,,,1828797
2057,TechnicalNotification,1,0,,,1153812
2061,TechnicalNotification,1,0,,,1828769
2063,TechnicalNotification,1,0,,,1147708
2067,TechnicalNotification,1,0,,,1828753
2075,TechnicalNotification,1,0,,,1486945
2084,TechnicalNotification,1,0,,,1161699
2088,TechnicalNotification,1,0,,,1348182
2099,TechnicalNotification,1,0,,,1126110
2101,TechnicalNotification,1,0,,,1135863
2102,TechnicalNotification,1,0,,,1306648
2106,TechnicalNotification,1,0,,,1110539
2107,TechnicalNotification,1,0,,,1111025
2111,TechnicalNotification,1,0,,,1199901
2112,TechnicalNotification,1,0,,,1129211
2117,TechnicalNotification,1,0,,,1148524
2126,TechnicalNotification,1,0,,,1133496
2133,TechnicalNotification,1,0,,,1110862
2136,TechnicalNotification,1,0,,,1111065
2142,TechnicalNotification,1,0,,,1110507
2142,TechnicalNotification,1,0,,,1110710
2144,TechnicalNotification,1,0,,,1110883
2144,TechnicalNotification,1,0,,,1110903
2152,TechnicalNotification,1,0,,,1110643
2152,TechnicalNotification,1,0,,,1110747
2153,TechnicalNotification,1,0,,,1110443
2161,TechnicalNotification,1,0,,,1110384
2164,TechnicalNotification,1,0,,,1110435
2165,TechnicalNotification,1,0,,,1110667
2171,TechnicalNotification,1,0,,,1110324
2172,TechnicalNotification,1,0,,,1110375
2174,TechnicalNotification,1,0,,,1110720
2180,TechnicalNotification,1,0,,,1110316
2181,TechnicalNotification,1,0,,,1110251
2187,TechnicalNotification,1,0,,,1828859
2188,TechnicalNotification,1,0,,,1110244
2191,TechnicalNotification,1,0,,,1110523
2193,TechnicalNotification,1,0,,,1828807
2194,TechnicalNotification,1,0,,,1828856
2199,TechnicalNotification,1,0,,,1110461
2199,TechnicalNotification,1,0,,,1828759
2200,TechnicalNotification,1,0,,,1828804
2208,TechnicalNotification,1,0,,,1178206
2209,TechnicalNotification,1,0,,,1110399
2210,TechnicalNotification,1,0,,,1567669
2211,TechnicalNotification,1,0,,,1110509
2216,TechnicalNotification,1,0,,,1173591
2222,TechnicalNotification,1,0,,,1110447
2222,TechnicalNotification,1,0,,,1146976
2224,TechnicalNotification,1,0,,,1345023
2231,TechnicalNotification,1,0,,,1110339
2234,TechnicalNotification,1,0,,,1140354
2237,TechnicalNotification,1,0,,,1110386
2239,TechnicalNotification,1,0,,,1301048
2241,TechnicalNotification,1,0,,,1110266
2243,TechnicalNotification,1,0,,,1110326
2243,TechnicalNotification,1,0,,,1132024
2249,TechnicalNotification,1,0,,,1115339
2251,TechnicalNotification,1,0,,,1110206
2251,TechnicalNotification,1,0,,,1198106
2255,TechnicalNotification,1,0,,,1110253
2257,TechnicalNotification,1,0,,,1111014
2257,TechnicalNotification,1,0,,,1828874
2260,TechnicalNotification,1,0,,,1178207
2261,TechnicalNotification,1,0,,,1828861
2263,TechnicalNotification,1,0,,,1828818
2267,TechnicalNotification,1,0,,,1828821
2269,TechnicalNotification,1,0,,,1173672
2269,TechnicalNotification,1,0,,,1828762
2275,TechnicalNotification,1,0,,,1828732
2276,TechnicalNotification,1,0,,,1632012
2278,TechnicalNotification,1,0,,,1154126
2279,TechnicalNotification,1,0,,,1110846
2285,TechnicalNotification,1,0,,,1369571
2286,TechnicalNotification,1,0,,,1147060
2288,TechnicalNotification,1,0,,,1525283
2293,TechnicalNotification,1,0,,,1110703
2294,TechnicalNotification,1,0,,,1306952
2299,TechnicalNotification,1,0,,,1125870
2300,TechnicalNotification,1,0,,,1299051
2301,TechnicalNotification,1,0,,,1110637
2313,TechnicalNotification,1,0,,,1110494
2314,TechnicalNotification,1,0,,,1111015
2316,TechnicalNotification,1,0,,,1276425
2317,TechnicalNotification,1,0,,,1148615
2323,TechnicalNotification,1,0,,,1110429
2324,TechnicalNotification,1,0,,,1188669
2326,TechnicalNotification,1,0,,,1110851
2330,TechnicalNotification,1,0,,,1153968
2331,TechnicalNotification,1,0,,,1110370
2333,TechnicalNotification,1,0,,,1142877
2336,TechnicalNotification,1,0,,,1146974
2339,TechnicalNotification,1,0,,,1110309
2340,TechnicalNotification,1,0,,,1110704
2341,TechnicalNotification,1,0,,,1133519
2344,TechnicalNotification,1,0,,,1115280
2349,TechnicalNotification,1,0,,,1126979
2351,TechnicalNotification,1,0,,,1110237
2353,TechnicalNotification,1,0,,,1110638
2357,TechnicalNotification,1,0,,,1828899
2358,TechnicalNotification,1,0,,,1111012
2363,TechnicalNotification,1,0,,,1828847
2366,TechnicalNotification,1,0,,,1110844
2369,TechnicalNotification,1,0,,,1828795
2375,TechnicalNotification,1,0,,,1828751
2377,TechnicalNotification,1,0,,,1111067
2381,TechnicalNotification,1,0,,,1828736
2384,TechnicalNotification,1,0,,,1110701
2385,TechnicalNotification,1,0,,,1110885
2390,TechnicalNotification,1,0,,,1418109
2392,TechnicalNotification,1,0,,,1110575
2393,TechnicalNotification,1,0,,,1110722
2398,TechnicalNotification,1,0,,,1236192
2407,TechnicalNotification,1,0,,,1110495
2410,TechnicalNotification,1,0,,,1197025
2416,TechnicalNotification,1,0,,,1162197
2417,TechnicalNotification,1,0,,,1110430
2422,TechnicalNotification,1,0,,,1130464
2427,TechnicalNotification,1,0,,,1110371
2432,TechnicalNotification,1,0,,,1110653
2433,TechnicalNotification,1,0,,,1828900
2434,TechnicalNotification,1,0,,,1125269
2439,TechnicalNotification,1,0,,,1828848
2440,TechnicalNotification,1,0,,,1111182
2445,TechnicalNotification,1,0,,,1828800
2448,TechnicalNotification,1,0,,,1110985
2451,TechnicalNotification,1,0,,,1828768
2456,TechnicalNotification,1,0,,,1110823
2459,TechnicalNotification,1,0,,,1583475
2467,TechnicalNotification,1,0,,,1498070
2471,TechnicalNotification,1,0,,,1110510
2475,TechnicalNotification,1,0,,,1110492
2476,TechnicalNotification,1,0,,,1418486
2485,TechnicalNotification,1,0,,,1110426
2493,TechnicalNotification,1,0,,,1110368
2496,TechnicalNotification,1,0,,,1162259
2508,TechnicalNotification,1,0,,,1110307
2513,TechnicalNotification,1,0,,,1110690
2516,TechnicalNotification,1,0,,,1110235
2522,TechnicalNotification,1,0,,,1828897
2525,TechnicalNotification,1,0,,,1146318
2530,TechnicalNotification,1,0,,,1576873
2533,TechnicalNotification,1,0,,,1110480
2533,TechnicalNotification,1,0,,,1111188
2536,TechnicalNotification,1,0,,,1546348
2541,TechnicalNotification,1,0,,,1110448
2549,TechnicalNotification,1,0,,,1110387
2549,TechnicalNotification,1,0,,,1481511
2556,TechnicalNotification,1,0,,,1110827
2558,TechnicalNotification,1,0,,,1110327
2558,TechnicalNotification,1,0,,,1453833
2564,TechnicalNotification,1,0,,,1110691
2567,TechnicalNotification,1,0,,,1234237
2575,TechnicalNotification,1,0,,,1110254
2578,TechnicalNotification,1,0,,,1196684
2580,TechnicalNotification,1,0,,,1110544
2581,TechnicalNotification,1,0,,,1828858
2587,TechnicalNotification,1,0,,,1828802
2588,TechnicalNotification,1,0,,,1163851
2590,TechnicalNotification,1,0,,,1110481
2593,TechnicalNotification,1,0,,,1828747
2598,TechnicalNotification,1,0,,,1110416
2601,TechnicalNotification,1,0,,,1162174
2602,TechnicalNotification,1,0,,,1472662
2606,TechnicalNotification,1,0,,,1110357
2610,TechnicalNotification,1,0,,,1365510
2616,TechnicalNotification,1,0,,,1110294
2618,TechnicalNotification,1,0,,,1146239
2623,TechnicalNotification,1,0,,,1188670
2628,TechnicalNotification,1,0,,,1110223
2631,TechnicalNotification,1,0,,,1154027
2634,TechnicalNotification,1,0,,,1828887
2636,TechnicalNotification,1,0,,,1110545
2637,TechnicalNotification,1,0,,,1146975
2640,TechnicalNotification,1,0,,,1828835
2644,TechnicalNotification,1,0,,,1130416
2645,TechnicalNotification,1,0,,,1140073
2648,TechnicalNotification,1,0,,,1530763
2650,TechnicalNotification,1,0,,,1124554
2655,TechnicalNotification,1,0,,,1132017
2656,TechnicalNotification,1,0,,,1507639
2662,TechnicalNotification,1,0,,,1315037
2663,TechnicalNotification,1,0,,,1111179
2663,TechnicalNotification,1,0,,,1125812
2670,TechnicalNotification,1,0,,,1159893
2671,TechnicalNotification,1,0,,,1110982
2675,TechnicalNotification,1,0,,,1115328
2679,TechnicalNotification,1,0,,,1110789
2685,TechnicalNotification,1,0,,,1111013
2685,TechnicalNotification,1,0,,,1150939
2687,TechnicalNotification,1,0,,,1110688
2693,TechnicalNotification,1,0,,,1110845
2696,TechnicalNotification,1,0,,,1110542
2698,TechnicalNotification,1,0,,,1110482
2703,TechnicalNotification,1,0,,,1144489
2705,TechnicalNotification,1,0,,,1110414
2706,TechnicalNotification,1,0,,,1110417
2709,TechnicalNotification,1,0,,,1110702
2716,TechnicalNotification,1,0,,,1136471
2717,TechnicalNotification,1,0,,,1110355
2720,TechnicalNotification,1,0,,,1110359
2722,TechnicalNotification,1,0,,,1110636
2725,TechnicalNotification,1,0,,,1110282
2725,TechnicalNotification,1,0,,,1129401
2733,TechnicalNotification,1,0,,,1110296
2733,TechnicalNotification,1,0,,,1111487
2735,TechnicalNotification,1,0,,,1110221
2743,TechnicalNotification,1,0,,,1313181
2750,TechnicalNotification,1,0,,,1110493
2752,TechnicalNotification,1,0,,,1110224
2754,TechnicalNotification,1,0,,,1295252
2758,TechnicalNotification,1,0,,,1828888
2763,TechnicalNotification,1,0,,,1257742
2764,TechnicalNotification,1,0,,,1828836
2766,TechnicalNotification,1,0,,,1110951
2767,TechnicalNotification,1,0,,,1110428
2770,TechnicalNotification,1,0,,,1828792
2771,TechnicalNotification,1,0,,,1230483
2774,TechnicalNotification,1,0,,,1110762
2775,TechnicalNotification,1,0,,,1110369
2776,TechnicalNotification,1,0,,,1828764
2780,TechnicalNotification,1,0,,,1110674
2780,TechnicalNotification,1,0,,,1168644
2785,TechnicalNotification,1,0,,,1410976
2787,TechnicalNotification,1,0,,,1110308
2791,TechnicalNotification,1,0,,,1163451
2793,TechnicalNotification,1,0,,,1336049
2795,TechnicalNotification,1,0,,,1110236
2797,TechnicalNotification,1,0,,,1154258
2801,TechnicalNotification,1,0,,,1828846
2805,TechnicalNotification,1,0,,,1129551
2805,TechnicalNotification,1,0,,,1144378
2807,TechnicalNotification,1,0,,,1828790
2813,TechnicalNotification,1,0,,,1136329
2814,TechnicalNotification,1,0,,,1110952
2815,TechnicalNotification,1,0,,,1792507
2822,TechnicalNotification,1,0,,,1129336
2824,TechnicalNotification,1,0,,,1110675
2824,TechnicalNotification,1,0,,,1455920
2830,TechnicalNotification,1,0,,,1111106
2832,TechnicalNotification,1,0,,,1110529
2836,TechnicalNotification,1,0,,,1185632
2840,TechnicalNotification,1,0,,,1110466
2842,TechnicalNotification,1,0,,,1110943
2842,TechnicalNotification,1,0,,,1154385
2848,TechnicalNotification,1,0,,,1110404
2852,TechnicalNotification,1,0,,,1110752
2854,TechnicalNotification,1,0,,,1146271
2856,TechnicalNotification,1,0,,,1110531
2857,TechnicalNotification,1,0,,,1110345
2862,TechnicalNotification,1,0,,,1110467
2862,TechnicalNotification,1,0,,,1138478
2864,TechnicalNotification,1,0,,,1110671
2870,TechnicalNotification,1,0,,,1110272
2870,TechnicalNotification,1,0,,,1110405
2883,TechnicalNotification,1,0,,,1110211
2887,TechnicalNotification,1,0,,,1110346
2887,TechnicalNotification,1,0,,,1110527
2889,TechnicalNotification,1,0,,,1828875
2894,TechnicalNotification,1,0,,,1130418
2895,TechnicalNotification,1,0,,,1828823
2896,TechnicalNotification,1,0,,,1110464
2901,TechnicalNotification,1,0,,,1828775
2902,TechnicalNotification,1,0,,,1125222
2904,TechnicalNotification,1,0,,,1110402
2907,TechnicalNotification,1,0,,,1828742
2912,TechnicalNotification,1,0,,,1110343
2912,TechnicalNotification,1,0,,,1110983
2915,TechnicalNotification,1,0,,,1486946
2920,TechnicalNotification,1,0,,,1110792
2921,TechnicalNotification,1,0,,,1110269
2923,TechnicalNotification,1,0,,,1440223
2930,TechnicalNotification,1,0,,,1110689
2931,TechnicalNotification,1,0,,,1218619
2934,TechnicalNotification,1,0,,,1110209
2940,TechnicalNotification,1,0,,,1828881
2946,TechnicalNotification,1,0,,,1828841
2952,TechnicalNotification,1,0,,,1200802
2952,TechnicalNotification,1,0,,,1828801
2958,TechnicalNotification,1,0,,,1828773
2960,TechnicalNotification,1,0,,,1110273
2960,TechnicalNotification,1,0,,,1164998
2964,TechnicalNotification,1,0,,,1828761
2968,TechnicalNotification,1,0,,,1110212
2968,TechnicalNotification,1,0,,,1110543
2968,TechnicalNotification,1,0,,,1162942
2972,TechnicalNotification,1,0,,,1588218
2974,TechnicalNotification,1,0,,,1828876
2980,TechnicalNotification,1,0,,,1371713
2980,TechnicalNotification,1,0,,,1828824
2986,TechnicalNotification,1,0,,,1828756
2988,TechnicalNotification,1,0,,,1110415
2994,TechnicalNotification,1,0,,,1155311
2994,TechnicalNotification,1,0,,,1637953
2996,TechnicalNotification,1,0,,,1110356
3003,TechnicalNotification,1,0,,,1149036
3004,TechnicalNotification,1,0,,,1110283
3004,TechnicalNotification,1,0,,,1441825
3010,TechnicalNotification,1,0,,,1110222
3013,TechnicalNotification,1,0,,,1307732
3016,TechnicalNotification,1,0,,,1828890
3019,TechnicalNotification,1,0,,,1143476
3022,TechnicalNotification,1,0,,,1182869
3022,TechnicalNotification,1,0,,,1828834
3027,TechnicalNotification,1,0,,,1134484
3028,TechnicalNotification,1,0,,,1828778
3029,TechnicalNotification,1,0,,,1182758
3031,TechnicalNotification,1,0,,,1163184
3035,TechnicalNotification,1,0,,,1122914
3037,TechnicalNotification,1,0,,,1175038
3037,TechnicalNotification,1,0,,,1783900
3043,TechnicalNotification,1,0,,,1110894
3045,TechnicalNotification,1,0,,,1164779
3047,TechnicalNotification,1,0,,,1505764
3048,TechnicalNotification,1,0,,,1157134
3051,TechnicalNotification,1,0,,,1110727
3056,TechnicalNotification,1,0,,,1313617
3058,TechnicalNotification,1,0,,,1134649
3059,TechnicalNotification,1,0,,,1110659
3066,TechnicalNotification,1,0,,,1128567
3068,TechnicalNotification,1,0,,,1155184
3074,TechnicalNotification,1,0,,,1122928
3074,TechnicalNotification,1,0,,,1297633
3076,TechnicalNotification,1,0,,,1134052
3077,TechnicalNotification,1,0,,,1110515
3083,TechnicalNotification,1,0,,,1144488
3084,TechnicalNotification,1,0,,,1127102
3085,TechnicalNotification,1,0,,,1110454
3091,TechnicalNotification,1,0,,,1129384
3097,TechnicalNotification,1,0,,,1110392
3103,TechnicalNotification,1,0,,,1110949
3105,TechnicalNotification,1,0,,,1110332
3108,TechnicalNotification,1,0,,,1110895
3110,TechnicalNotification,1,0,,,1122865
3111,TechnicalNotification,1,0,,,1110761
3113,TechnicalNotification,1,0,,,1110259
3116,TechnicalNotification,1,0,,,1110728
3118,TechnicalNotification,1,0,,,1111092
3119,TechnicalNotification,1,0,,,1110673
3119,TechnicalNotification,1,0,,,1828863
3125,TechnicalNotification,1,0,,,1828811
3126,TechnicalNotification,1,0,,,1110890
3131,TechnicalNotification,1,0,,,1828763
3135,TechnicalNotification,1,0,,,1110660
3137,TechnicalNotification,1,0,,,1791578
3138,TechnicalNotification,1,0,,,1110725
3143,TechnicalNotification,1,0,,,1110516
3143,TechnicalNotification,1,0,,,1787526
3150,TechnicalNotification,1,0,,,1110513
3152,TechnicalNotification,1,0,,,1786366
3160,TechnicalNotification,1,0,,,1110455
3161,TechnicalNotification,1,0,,,1110452
3161,TechnicalNotification,1,0,,,1773647
3164,TechnicalNotification,1,0,,,1110528
3169,TechnicalNotification,1,0,,,1485690
3170,TechnicalNotification,1,0,,,1110390
3171,TechnicalNotification,1,0,,,1110393
3179,TechnicalNotification,1,0,,,1110330
3185,TechnicalNotification,1,0,,,1110333
3186,TechnicalNotification,1,0,,,1464320
3191,TechnicalNotification,1,0,,,1110257
3194,TechnicalNotification,1,0,,,1110260
3197,TechnicalNotification,1,0,,,1828789
3202,TechnicalNotification,1,0,,,1162765
3203,TechnicalNotification,1,0,,,1829331
3205,TechnicalNotification,1,0,,,1736169
3209,TechnicalNotification,1,0,,,1828864
3213,TechnicalNotification,1,0,,,1692661
3215,TechnicalNotification,1,0,,,1828812
3219,TechnicalNotification,1,0,,,1514434
3221,TechnicalNotification,1,0,,,1828772
3223,TechnicalNotification,1,0,,,1148216
3229,TechnicalNotification,1,0,,,1481512
3233,TechnicalNotification,1,0,,,1161007
3237,TechnicalNotification,1,0,,,1473737
3243,TechnicalNotification,1,0,,,1132989
3243,TechnicalNotification,1,0,,,1147842
3246,TechnicalNotification,1,0,,,1367091
3253,TechnicalNotification,1,0,,,1126522
3258,TechnicalNotification,1,0,,,1189604
3262,TechnicalNotification,1,0,,,1111033
3266,TechnicalNotification,1,0,,,1140980
3272,TechnicalNotification,1,0,,,1110871
3281,TechnicalNotification,1,0,,,1110484
3284,TechnicalNotification,1,0,,,1110646
3288,TechnicalNotification,1,0,,,1132952
3294,TechnicalNotification,1,0,,,1110465
3294,TechnicalNotification,1,0,,,1182038
3296,TechnicalNotification,1,0,,,1111029
3297,TechnicalNotification,1,0,,,1110502
3302,TechnicalNotification,1,0,,,1156985
3303,TechnicalNotification,1,0,,,1110438
3305,TechnicalNotification,1,0,,,1110867
3309,TechnicalNotification,1,0,,,1110403
3315,TechnicalNotification,1,0,,,1110711
3316,TechnicalNotification,1,0,,,1110378
3318,TechnicalNotification,1,0,,,1110344
3318,TechnicalNotification,1,0,,,1132995
3324,TechnicalNotification,1,0,,,1122595
3326,TechnicalNotification,1,0,,,1110270
3329,TechnicalNotification,1,0,,,1110500
3330,TechnicalNotification,1,0,,,1110320
3332,TechnicalNotification,1,0,,,1111037
3338,TechnicalNotification,1,0,,,1110247
3341,TechnicalNotification,1,0,,,1110210
3342,TechnicalNotification,1,0,,,1110872
3346,TechnicalNotification,1,0,,,1110156
3347,TechnicalNotification,1,0,,,1828878
3350,TechnicalNotification,1,0,,,1110715
3353,TechnicalNotification,1,0,,,1828822
3358,TechnicalNotification,1,0,,,1110647
3359,TechnicalNotification,1,0,,,1828738
3365,TechnicalNotification,1,0,,,1824186
3372,TechnicalNotification,1,0,,,1110503
3375,TechnicalNotification,1,0,,,1155278
3381,TechnicalNotification,1,0,,,1110440
3383,TechnicalNotification,1,0,,,1143442
3388,TechnicalNotification,1,0,,,1110491
3393,TechnicalNotification,1,0,,,1127110
3403,TechnicalNotification,1,0,,,1111093
3406,TechnicalNotification,1,0,,,1110376
3411,TechnicalNotification,1,0,,,1110893
3413,TechnicalNotification,1,0,,,1110321
3415,TechnicalNotification,1,0,,,1110317
3419,TechnicalNotification,1,0,,,1110726
3422,TechnicalNotification,1,0,,,1110248
3423,TechnicalNotification,1,0,,,1110245
3430,TechnicalNotification,1,0,,,1110162
3430,TechnicalNotification,1,0,,,1110658
3447,TechnicalNotification,1,0,,,1110514
3460,TechnicalNotification,1,0,,,1110331
3470,TechnicalNotification,1,0,,,1110258
3476,TechnicalNotification,1,0,,,1828866
3482,TechnicalNotification,1,0,,,1828810
3488,TechnicalNotification,1,0,,,1828754
3494,TechnicalNotification,1,0,,,1828733
3500,TechnicalNotification,1,0,,,1785071
3506,TechnicalNotification,1,0,,,1691723
3512,TechnicalNotification,1,0,,,1632668
3520,TechnicalNotification,1,0,,,1181897
3542,TechnicalNotification,1,0,,,1161158
3550,TechnicalNotification,1,0,,,1126471
3558,TechnicalNotification,1,0,,,1122570
3564,TechnicalNotification,1,0,,,1111030
3574,TechnicalNotification,1,0,,,1110870
3580,TechnicalNotification,1,0,,,1110712
3589,TechnicalNotification,1,0,,,1110645
3602,TechnicalNotification,1,0,,,1110437
3610,TechnicalNotification,1,0,,,1110377
3625,TechnicalNotification,1,0,,,1110319
3633,TechnicalNotification,1,0,,,1110246
3641,TechnicalNotification,1,0,,,1110155
